Row id,Word
1,financial services
2,digital identity
3,identity systems
4,smart contracts
5,investment management
6,equity crowdfunding
7,individual investors
8,payment schemes
9,wealth managers
10,alternative lending
11,non traditional
12,capital raising
13,distributed ledger
14,service providers
15,identity information
16,alternative funding
17,wealth management
18,financial products
19,market infrastructure
20,non financial
21,venture capital
22,investment opportunities
23,post trade
24,matter experts
25,products services
26,digital banking
27,funding platforms
28,marketplace lenders
29,customer experience
30,market provisioning
31,investor investor
32,insurance products
33,future financial
34,quantitative evidence
35,data sources
36,legal entities
37,trade finance
38,capital markets
39,due diligence
40,process externalisation
41,coco bonds
42,credit card
43,ledger technology
44,robo advisors
45,capital ratio
46,trading strategies
47,asset rehypothecation
48,managing director
49,digital channels
50,institutional investors
51,algorithmic trading
52,chief executive
53,head financial
54,executive officer
55,global head
56,head strategy
57,product manufacturing
58,asset management
59,regulatory compliance
60,corporate strategy
61,machine learning
62,financial data
63,vice president
64,fintechs regulators
65,asset managers
66,regulatory governance
67,industry leaders
68,artificial intelligence
69,cloud based
70,angel investors
71,deloitte ca
72,investment bank
73,operating officer
74,chief technology
75,investment managers
76,identity provider
77,venture capitalists
78,technology players
79,digital experience
80,risk capital
81,mobile challenger
82,online lenders
83,financial providers
84,management investment
85,retail investors
86,fiduciary rule
87,investors equity
88,accredited investors
89,stage venture
90,intermediaries investment
91,technology solutions
92,chief staff
93,deputy director
94,vendor financing
95,proliferation niche
96,return investments
97,contract technology
98,director chief
99,technology architect
100,insurers start
