RowID,Word
1,managers
2,systems
3,analysis
4,networks
5,automation
6,customers
7,ecosystem
8,react
9,designed
10,operations
11,data
12,strategies
13,decisions
14,risks
15,deployment
16,developed
17,system
18,analytics
19,algorithms
20,services
21,development
22,platform
23,machines
24,digital
25,fintech
26,partnership
27,environment
28,solutions
29,managing
30,advisors
31,apis
32,insights
33,payments
34,information
35,blockchain
36,agility
37,mentorship
38,adviser
39,strategy
40,protection
41,roboadvice
42,architecture
43,manufacturing
44,mutual
45,person
46,network
47,drivers
48,oversight
49,unlocked
50,bankregulators
51,methodologies
52,community
53,insurer
54,governance
55,cyberinsecurity
56,research
57,rewards
58,problem
59,anonymity
60,lifestyles
61,factor
62,fraud
63,allowed
64,registry
65,arranger
66,administration
67,software
68,connectivity
69,hack
70,hosts
71,program
72,blacksmiths
73,journal
74,investors
75,statistics
76,applications
77,portfolios
78,company
79,finance
80,observer
81,stats
82,intelligence
83,integrations
84,blockchaininfo
85,.net
86,analysis
87,etl
88,sql
89,java
90,computer
91,test
92,agile
93,programming
94,kanban
95,cloud
96,devops
97,cyber
98,integreat
99,communication
100,troubleshoot
